AvgTicketPrice,Cancelled,Dest,DestAirportID,DestCityName,DestCountry,DestLocation,DestRegion,DestWeather,DistanceKilometers,DistanceMiles,FlightDelay,FlightDelayMin,FlightDelayType,FlightNum,FlightTimeHour,FlightTimeMin,Origin,OriginAirportID,OriginCityName,OriginCountry,OriginLocation,OriginRegion,OriginWeather,dayOfWeek,hour_of_day,departure_timestamp
"$1,171.50 ",False,Jorge Chavez International Airport,LIM,Lima,PE,"{
  ""lat"": ""-12.0219"",
  ""lon"": ""-77.114304""
}",SE-BD,Rain,"11,086.56","6,888.87",False,0,No Delay,5PO0PAE,9.23880181,554.328,Berlin-Tegel Airport,TXL,Berlin,DE,"{
  ""lat"": ""52.5597"",
  ""lon"": ""13.2877""
}",DE-BE,Hail,5,4,2025-01-01 20:06:05
$832.98 ,False,Montreal / Pierre Elliott Trudeau International Airport,YUL,Montreal,CA,"{
  ""lat"": ""45.47060013"",
  ""lon"": ""-73.74079895""
}",CA-QC,Rain,"6,177.84","3,838.73",False,0,No Delay,7QQDFOZ,6.435253317,386.115,Milano Linate Airport,MI11,Milan,IT,"{
  ""lat"": ""45.445099"",
  ""lon"": ""9.27674""
}",IT-25,Heavy Fog,5,15,2025-01-01 06:16:43
$286.25 ,False,Scott AFB/Midamerica Airport,BLV,Belleville,US,"{
  ""lat"": ""38.5452"",
  ""lon"": ""-89.835197""
}",US-IL,Hail,"1,143.23",710.367,False,0,No Delay,C6ETY2A,1.465673411,87.94,Greater Rochester International Airport,ROC,Rochester,US,"{
  ""lat"": ""43.1189003"",
  ""lon"": ""-77.67240143""
}",US-NY,Cloudy,5,11,2025-01-01 02:37:23
$999.31 ,False,Genoa Cristoforo Colombo Airport,GE01,Genova,IT,"{
  ""lat"": ""44.4133"",
  ""lon"": ""8.8375""
}",IT-42,Damaging Wind,"7,005.90","4,353.26",True,150,NAS Delay,AZS5EW8,13.11499346,786.9,Cleveland Hopkins International Airport,CLE,Cleveland,US,"{
  ""lat"": ""41.4117012"",
  ""lon"": ""-81.84980011""
}",US-OH,Rain,5,15,2025-01-01 07:09:49
$183.87 ,True,Tokyo Haneda International Airport,HND,Tokyo,JP,"{
  ""lat"": ""35.552299"",
  ""lon"": ""139.779999""
}",SE-BD,Rain,59.72,37.109,False,0,No Delay,I2RRBFL,0.066356019,3.981,Narita International Airport,NRT,Tokyo,JP,"{
  ""lat"": ""35.76470184"",
  ""lon"": ""140.3860016""
}",SE-BD,Thunder & Lightning,4,18,2025-01-01 09:55:53
"$1,017.91 ",False,Dublin Airport,DUB,Dublin,IE,"{
  ""lat"": ""53.42129898"",
  ""lon"": ""-6.270070076""
}",IE-D,Rain,"7,610.33","4,728.84",False,0,No Delay,MO8OCJQ,9.756834443,585.41,Chhatrapati Shivaji International Airport,BOM,Mumbai,IN,"{
  ""lat"": ""19.08869934"",
  ""lon"": ""72.86789703""
}",SE-BD,Cloudy,5,11,2025-01-01 19:32:28
$531.16 ,False,Verona Villafranca Airport,VR10,Verona,IT,"{
  ""lat"": ""45.395699"",
  ""lon"": ""10.8885""
}",IT-34,Cloudy,"8,899.64","5,529.98",True,315,Late Aircraft Delay,MA53VN5,13.05670513,783.402,Salt Lake City International Airport,SLC,Salt Lake City,US,"{
  ""lat"": ""40.78839874"",
  ""lon"": ""-111.9779968""
}",US-UT,Rain,4,21,2025-01-01 10:49:49
$897.46 ,False,Ministro Pistarini International Airport,EZE,Buenos Aires,AR,"{
  ""lat"": ""-34.8222"",
  ""lon"": ""-58.5358""
}",SE-BD,Cloudy,"12,242.64","7,607.23",True,105,Late Aircraft Delay,EE8DRC4,13.08578128,785.147,Ataturk International Airport,IST,Istanbul,TR,"{
  ""lat"": ""40.97689819"",
  ""lon"": ""28.81459999""
}",TR-34,Cloudy,5,4,2025-01-01 02:12:21
"$1,163.37 ",False,Winnipeg / James Armstrong Richardson International Airport,YWG,Winnipeg,CA,"{
  ""lat"": ""49.90999985"",
  ""lon"": ""-97.23989868""
}",CA-MB,Rain,"1,981.14","1,231.02",False,0,No Delay,5GO6Y3T,1.737838613,104.27,Washington Dulles International Airport,IAD,Washington,US,"{
  ""lat"": ""38.94449997"",
  ""lon"": ""-77.45580292""
}",US-DC,Hail,5,10,2025-01-01 08:02:13
"$1,017.91 ",False,Dublin Airport,DUB,Dublin,IE,"{
  ""lat"": ""53.42129898"",
  ""lon"": ""-6.270070076""
}",IE-D,Rain,"7,610.33","4,728.84",False,0,No Delay,MO8OCJQ,9.756834443,585.41,Chhatrapati Shivaji International Airport,BOM,Mumbai,IN,"{
  ""lat"": ""19.08869934"",
  ""lon"": ""72.86789703""
}",SE-BD,Cloudy,5,11,2025-01-01 14:24:08
$452.58 ,False,Mariscal Sucre International Airport,UIO,Quito,EC,"{
  ""lat"": ""-0.129166667"",
  ""lon"": ""-78.3575""
}",EC-P,Clear,0,0,False,0,No Delay,JFNKXKR,0.0,0,Mariscal Sucre International Airport,UIO,Quito,EC,"{
  ""lat"": ""-0.129166667"",
  ""lon"": ""-78.3575""
}",EC-P,Cloudy,5,0,2025-01-01 19:30:58
$476.17 ,False,Zurich Airport,ZRH,Zurich,CH,"{
  ""lat"": ""47.464699"",
  ""lon"": ""8.54917""
}",CH-ZH,Sunny,0,0,True,180,Late Aircraft Delay,J8N1BS5,3.0,180,Zurich Airport,ZRH,Zurich,CH,"{
  ""lat"": ""47.464699"",
  ""lon"": ""8.54917""
}",CH-ZH,Clear,5,13,2025-01-01 17:29:06
$341.56 ,False,New Chitose Airport,CTS,Chitose / Tomakomai,JP,"{
  ""lat"": ""42.77519989"",
  ""lon"": ""141.6920013""
}",SE-BD,Clear,"14,960.56","9,296.06",False,0,No Delay,YGFZU2M,13.12329421,787.398,Jorge Chavez International Airport,LIM,Lima,PE,"{
  ""lat"": ""-12.0219"",
  ""lon"": ""-77.114304""
}",SE-BD,Sunny,4,16,2025-01-01 23:49:41
$756.42 ,False,Vienna International Airport,VIE,Vienna,AT,"{
  ""lat"": ""48.11029816"",
  ""lon"": ""16.56970024""
}",AT-9,Clear,"9,165.07","5,694.91",False,0,No Delay,1WKSE9V,13.8864614,833.188,Tokyo Haneda International Airport,HND,Tokyo,JP,"{
  ""lat"": ""35.552299"",
  ""lon"": ""139.779999""
}",SE-BD,Rain,4,19,2025-01-01 04:30:34
$771.39 ,False,Edmonton International Airport,CYEG,Edmonton,CA,"{
  ""lat"": ""53.30970001"",
  ""lon"": ""-113.5800018""
}",CA-AB,Sunny,"7,178.79","4,460.70",False,0,No Delay,V1TCR2A,8.546182189,512.771,Charles de Gaulle International Airport,CDG,Paris,FR,"{
  ""lat"": ""49.01279831"",
  ""lon"": ""2.549999952""
}",FR-J,Cloudy,5,0,2025-01-01 21:07:30
$591.25 ,False,Sydney Kingsford Smith International Airport,SYD,Sydney,AU,"{
  ""lat"": ""-33.94609833"",
  ""lon"": ""151.177002""
}",SE-BD,Clear,"15,869.95","9,861.13",True,255,Security Delay,F7ROWI0,17.47495825,"1,048.50",Ottawa Macdonald-Cartier International Airport,YOW,Ottawa,CA,"{
  ""lat"": ""45.32249832"",
  ""lon"": ""-75.66919708""
}",CA-ON,Sunny,5,8,2025-01-01 01:19:24
$912.04 ,False,Minneapolis-St Paul International/Wold-Chamberlain Airport,MSP,Minneapolis,US,"{
  ""lat"": ""44.88199997"",
  ""lon"": ""-93.22180176""
}",US-MN,Rain,"7,888.99","4,901.99",True,105,NAS Delay,DS2YASD,9.054615585,543.277,Leonardo da Vinci___Fiumicino Airport,RM11,Rome,IT,"{
  ""lat"": ""41.8002778"",
  ""lon"": ""12.2388889""
}",IT-62,Sunny,5,9,2025-01-01 13:23:50
$956.06 ,False,Shanghai Pudong International Airport,PVG,Shanghai,CN,"{
  ""lat"": ""31.14340019"",
  ""lon"": ""121.8050003""
}",SE-BD,Rain,"2,182.33","1,356.04",False,0,No Delay,9P7O5BC,1.732006938,103.92,New Chitose Airport,CTS,Chitose / Tomakomai,JP,"{
  ""lat"": ""42.77519989"",
  ""lon"": ""141.6920013""
}",SE-BD,Clear,4,18,2025-01-01 06:35:57
$594.99 ,False,Kempegowda International Airport,BLR,Bangalore,IN,"{
  ""lat"": ""13.1979"",
  ""lon"": ""77.706299""
}",SE-BD,Cloudy,"12,557.27","7,802.73",True,345,Late Aircraft Delay,GJTJ47T,17.37710487,"1,042.63",Edmonton International Airport,CYEG,Edmonton,CA,"{
  ""lat"": ""53.30970001"",
  ""lon"": ""-113.5800018""
}",CA-AB,Thunder & Lightning,5,4,2025-01-01 04:49:56
$904.01 ,True,Vienna International Airport,VIE,Vienna,AT,"{
  ""lat"": ""48.11029816"",
  ""lon"": ""16.56970024""
}",AT-9,Rain,547.175,339.999,False,0,No Delay,VMZMZW6,0.50664346,30.399,Berlin-Tegel Airport,TXL,Berlin,DE,"{
  ""lat"": ""52.5597"",
  ""lon"": ""13.2877""
}",DE-BE,Damaging Wind,5,1,2025-01-01 15:46:41
$590.74 ,False,Tokyo Haneda International Airport,HND,Tokyo,JP,"{
  ""lat"": ""35.552299"",
  ""lon"": ""139.779999""
}",SE-BD,Rain,"7,784.50","4,837.07",False,0,No Delay,HE0N3NA,6.828509963,409.711,Sydney Kingsford Smith International Airport,SYD,Sydney,AU,"{
  ""lat"": ""-33.94609833"",
  ""lon"": ""151.177002""
}",SE-BD,Cloudy,5,9,2025-01-01 07:20:12
$314.48 ,False,Zurich Airport,ZRH,Zurich,CH,"{
  ""lat"": ""47.464699"",
  ""lon"": ""8.54917""
}",CH-ZH,Cloudy,"1,765.77","1,097.20",True,45,NAS Delay,LCPRTG7,2.481144019,148.869,Ataturk International Airport,IST,Istanbul,TR,"{
  ""lat"": ""40.97689819"",
  ""lon"": ""28.81459999""
}",TR-34,Cloudy,4,21,2025-01-01 13:29:39
"$1,156.49 ",False,Warsaw Chopin Airport,WAW,Warsaw,PL,"{
  ""lat"": ""52.16569901"",
  ""lon"": ""20.96710014""
}",PL-MZ,Sunny,972.607,604.35,False,0,No Delay,N2JAT6F,0.953536312,57.212,Venice Marco Polo Airport,VE05,Venice,IT,"{
  ""lat"": ""45.505299"",
  ""lon"": ""12.3519""
}",IT-34,Rain,5,12,2025-01-01 06:14:37
$356.45 ,False,Scott AFB/Midamerica Airport,BLV,Belleville,US,"{
  ""lat"": ""38.5452"",
  ""lon"": ""-89.835197""
}",US-IL,Rain,"1,911.09","1,187.49",False,0,No Delay,ZGLD72A,1.873613269,112.417,Salt Lake City International Airport,SLC,Salt Lake City,US,"{
  ""lat"": ""40.78839874"",
  ""lon"": ""-111.9779968""
}",US-UT,Hail,5,14,2025-01-01 03:36:05
$814.04 ,False,Licenciado Benito Juarez International Airport,AICM,Mexico City,MX,"{
  ""lat"": ""19.4363"",
  ""lon"": ""-99.072098""
}",MX-DIF,Sunny,"10,264.74","6,378.21",True,360,Carrier Delay,JG56A92,14.14661637,848.797,Ciampino___G. B. Pastine International Airport,RM12,Rome,IT,"{
  ""lat"": ""41.7994"",
  ""lon"": ""12.5949""
}",IT-62,Thunder & Lightning,5,14,2025-01-01 17:58:48
$669.96 ,True,Shanghai Hongqiao International Airport,SHA,Shanghai,CN,"{
  ""lat"": ""31.19790077"",
  ""lon"": ""121.3359985""
}",SE-BD,Damaging Wind,"17,169.74","10,668.78",True,330,NAS Delay,TSN71NF,23.38514021,"1,403.11",Jorge Chavez International Airport,LIM,Lima,PE,"{
  ""lat"": ""-12.0219"",
  ""lon"": ""-77.114304""
}",SE-BD,Hail,5,12,2025-01-01 10:22:58
$275.44 ,False,Guangzhou Baiyun International Airport,CAN,Guangzhou,CN,"{
  ""lat"": ""23.39240074"",
  ""lon"": ""113.2990036""
}",SE-BD,Clear,"5,864.80","3,644.22",False,0,No Delay,BNTQC46,6.109164294,366.55,Al Maktoum International Airport,DWC,Jebel Ali,AE,"{
  ""lat"": ""24.896356"",
  ""lon"": ""55.161389""
}",SE-BD,Thunder & Lightning,4,21,2025-01-01 16:17:20
$753.72 ,False,Warsaw Chopin Airport,WAW,Warsaw,PL,"{
  ""lat"": ""52.16569901"",
  ""lon"": ""20.96710014""
}",PL-MZ,Rain,524.716,326.043,False,0,No Delay,H4J2WM6,0.728771985,43.726,Berlin-Tegel Airport,TXL,Berlin,DE,"{
  ""lat"": ""52.5597"",
  ""lon"": ""13.2877""
}",DE-BE,Clear,4,16,2025-01-01 16:03:46
$906.36 ,True,OR Tambo International Airport,JNB,Johannesburg,ZA,"{
  ""lat"": ""-26.1392"",
  ""lon"": ""28.246""
}",SE-BD,Heavy Fog,"15,624.01","9,708.31",True,330,Carrier Delay,F9H0EXM,18.52000622,"1,111.20",Albuquerque International Sunport Airport,ABQ,Albuquerque,US,"{
  ""lat"": ""35.040199"",
  ""lon"": ""-106.609001""
}",US-NM,Cloudy,5,10,2025-01-01 22:41:08
$759.90 ,False,Washington Dulles International Airport,IAD,Washington,US,"{
  ""lat"": ""38.94449997"",
  ""lon"": ""-77.45580292""
}",US-DC,Rain,"6,860.80","4,263.11",False,0,No Delay,G8F1PDO,8.795902246,527.754,Munich Airport,MUC,Munich,DE,"{
  ""lat"": ""48.353802"",
  ""lon"": ""11.7861""
}",DE-BY,Sunny,5,1,2025-01-01 10:08:48
$784.02 ,False,Leonardo da Vinci - Fiumicino Airport,FCO,Rome,IT,"{
  ""lat"": ""41.8002778"",
  ""lon"": ""12.2388889""
}",SE-BD,Sunny,"9,171.74","5,699.06",False,0,No Delay,Z3L2C08,9.553896585,573.234,Guangzhou Baiyun International Airport,CAN,Guangzhou,CN,"{
  ""lat"": ""23.39240074"",
  ""lon"": ""113.2990036""
}",SE-BD,Sunny,4,17,2025-01-01 05:16:25
"$1,167.85 ",False,Warsaw Chopin Airport,WAW,Warsaw,PL,"{
  ""lat"": ""52.16569901"",
  ""lon"": ""20.96710014""
}",PL-MZ,Clear,"1,246.30",774.418,False,0,No Delay,6XJWHJ0,1.597826007,95.87,Turin Airport,TO11,Torino,IT,"{
  ""lat"": ""45.200802"",
  ""lon"": ""7.64963""
}",IT-21,Clear,5,0,2025-01-01 15:11:46
$605.92 ,False,Xi'an Xianyang International Airport,XIY,Xi'an,CN,"{
  ""lat"": ""34.447102"",
  ""lon"": ""108.751999""
}",SE-BD,Rain,"6,818.53","4,236.84",False,0,No Delay,HU52Y11,6.313456445,378.807,Stockholm-Arlanda Airport,ARN,Stockholm,SE,"{
  ""lat"": ""59.65190125"",
  ""lon"": ""17.91860008""
}",SE-AB,Clear,5,8,2025-01-01 22:26:18
$651.82 ,False,Shanghai Hongqiao International Airport,SHA,Shanghai,CN,"{
  ""lat"": ""31.19790077"",
  ""lon"": ""121.3359985""
}",SE-BD,Rain,"11,952.78","7,427.11",False,0,No Delay,52T3F16,14.22949668,853.77,Philadelphia International Airport,PHL,Philadelphia,US,"{
  ""lat"": ""39.87189865"",
  ""lon"": ""-75.2410965""
}",US-PA,Clear,5,14,2025-01-01 23:13:05
$559.57 ,False,Warsaw Chopin Airport,WAW,Warsaw,PL,"{
  ""lat"": ""52.16569901"",
  ""lon"": ""20.96710014""
}",PL-MZ,Thunder & Lightning,"9,163.28","5,693.80",False,0,No Delay,3UNFMV9,8.037966295,482.278,Reno Tahoe International Airport,RNO,Reno,US,"{
  ""lat"": ""39.49909973"",
  ""lon"": ""-119.7679977""
}",US-NV,Cloudy,5,10,2025-01-01 20:49:45
$715.43 ,False,Ukrainka Air Base,XHBU,Belogorsk,RU,"{
  ""lat"": ""51.169997"",
  ""lon"": ""128.445007""
}",RU-AMU,Heavy Fog,"13,450.98","8,358.05",False,0,No Delay,CAY05LK,14.01144189,840.687,El Dorado International Airport,BOG,Bogota,CO,"{
  ""lat"": ""4.70159"",
  ""lon"": ""-74.1469""
}",SE-BD,Sunny,5,12,2025-01-01 16:23:36
$200.19 ,False,McCarran International Airport,LAS,Las Vegas,US,"{
  ""lat"": ""36.08010101"",
  ""lon"": ""-115.1520004""
}",US-NV,Damaging Wind,0,0,False,0,No Delay,DW5TI7F,0.0,0,McCarran International Airport,LAS,Las Vegas,US,"{
  ""lat"": ""36.08010101"",
  ""lon"": ""-115.1520004""
}",US-NV,Heavy Fog,4,22,2025-01-01 09:07:26
"$1,188.22 ",False,Treviso-Sant'Angelo Airport,TV01,Treviso,IT,"{
  ""lat"": ""45.648399"",
  ""lon"": ""12.1944""
}",IT-34,Clear,"8,840.38","5,493.16",False,0,No Delay,0O7Y2MC,9.20873168,552.524,Cape Town International Airport,CPT,Cape Town,ZA,"{
  ""lat"": ""-33.96480179"",
  ""lon"": ""18.60169983""
}",SE-BD,Clear,5,13,2025-01-01 09:23:55
"$1,037.23 ",False,San Francisco International Airport,SFO,San Francisco,US,"{
  ""lat"": ""37.61899948"",
  ""lon"": ""-122.375""
}",US-CA,Rain,"8,204.31","5,097.92",False,0,No Delay,H014GS8,6.511354228,390.681,Dublin Airport,DUB,Dublin,IE,"{
  ""lat"": ""53.42129898"",
  ""lon"": ""-6.270070076""
}",IE-D,Clear,5,7,2025-01-01 00:57:17
$771.39 ,False,Edmonton International Airport,CYEG,Edmonton,CA,"{
  ""lat"": ""53.30970001"",
  ""lon"": ""-113.5800018""
}",CA-AB,Sunny,"7,178.79","4,460.70",False,0,No Delay,V1TCR2A,8.546182189,512.771,Charles de Gaulle International Airport,CDG,Paris,FR,"{
  ""lat"": ""49.01279831"",
  ""lon"": ""2.549999952""
}",FR-J,Cloudy,5,0,2025-01-01 04:29:38
$341.56 ,False,New Chitose Airport,CTS,Chitose / Tomakomai,JP,"{
  ""lat"": ""42.77519989"",
  ""lon"": ""141.6920013""
}",SE-BD,Clear,"14,960.56","9,296.06",False,0,No Delay,YGFZU2M,13.12329421,787.398,Jorge Chavez International Airport,LIM,Lima,PE,"{
  ""lat"": ""-12.0219"",
  ""lon"": ""-77.114304""
}",SE-BD,Sunny,4,16,2025-01-01 07:59:29
$710.69 ,True,Shanghai Hongqiao International Airport,SHA,Shanghai,CN,"{
  ""lat"": ""31.19790077"",
  ""lon"": ""121.3359985""
}",SE-BD,Sunny,"11,444.00","7,110.97",False,0,No Delay,X0VX2GJ,9.536669536,572.2,Lester B. Pearson International Airport,YYZ,Toronto,CA,"{
  ""lat"": ""43.67720032"",
  ""lon"": ""-79.63059998""
}",CA-ON,Thunder & Lightning,5,0,2025-01-01 08:18:10
$960.05 ,False,Venice Marco Polo Airport,VE05,Venice,IT,"{
  ""lat"": ""45.505299"",
  ""lon"": ""12.3519""
}",IT-34,Rain,"16,311.65","10,135.59",False,0,No Delay,U8JILWG,22.65507259,"1,359.30",Sydney Kingsford Smith International Airport,SYD,Sydney,AU,"{
  ""lat"": ""-33.94609833"",
  ""lon"": ""151.177002""
}",SE-BD,Cloudy,5,13,2025-01-01 13:54:48
$583.91 ,False,Oslo Gardermoen Airport,OSL,Oslo,NO,"{
  ""lat"": ""60.19390106"",
  ""lon"": ""11.10039997""
}",NO-02,Sunny,"6,391.64","3,971.58",False,0,No Delay,U4RO4JN,8.194403237,491.664,Norfolk International Airport,ORF,Norfolk,US,"{
  ""lat"": ""36.89459991"",
  ""lon"": ""-76.20120239""
}",US-VA,Rain,4,18,2025-01-01 12:15:55
$802.48 ,False,Luis Munoz Marin International Airport,SJU,San Juan,PR,"{
  ""lat"": ""18.43939972"",
  ""lon"": ""-66.00180054""
}",PR-U-A,Cloudy,"6,749.84","4,194.16",False,0,No Delay,GZGY5XF,7.499826578,449.99,London Gatwick Airport,LGW,London,GB,"{
  ""lat"": ""51.14810181"",
  ""lon"": ""-0.190277994""
}",GB-ENG,Cloudy,5,7,2025-01-01 16:37:07
$943.20 ,False,Xi'an Xianyang International Airport,XIY,Xi'an,CN,"{
  ""lat"": ""34.447102"",
  ""lon"": ""108.751999""
}",SE-BD,Cloudy,"18,861.02","11,719.69",False,0,No Delay,6TGBC8E,14.96906337,898.144,Ministro Pistarini International Airport,EZE,Buenos Aires,AR,"{
  ""lat"": ""-34.8222"",
  ""lon"": ""-58.5358""
}",AR-B,Clear,4,20,2025-01-01 21:23:19
$301.08 ,False,OR Tambo International Airport,JNB,Johannesburg,ZA,"{
  ""lat"": ""-26.1392"",
  ""lon"": ""28.246""
}",SE-BD,Cloudy,"9,287.66","5,771.08",True,105,Late Aircraft Delay,A05HK6I,12.06962139,724.177,Manchester Airport,MAN,Manchester,GB,"{
  ""lat"": ""53.35369873"",
  ""lon"": ""-2.274950027""
}",GB-ENG,Sunny,4,23,2025-01-01 21:02:54
$751.64 ,False,Quad City International Airport,MLI,Moline,US,"{
  ""lat"": ""41.44850159"",
  ""lon"": ""-90.50749969""
}",US-IL,Thunder & Lightning,"11,855.12","7,366.43",False,0,No Delay,PCCWV59,10.97696401,658.618,Al Maktoum International Airport,DWC,Jebel Ali,AE,"{
  ""lat"": ""24.896356"",
  ""lon"": ""55.161389""
}",SE-BD,Thunder & Lightning,4,22,2025-01-01 18:36:47
$918.66 ,False,Venice Marco Polo Airport,VE05,Venice,IT,"{
  ""lat"": ""45.505299"",
  ""lon"": ""12.3519""
}",IT-34,Clear,"7,902.83","4,910.59",False,0,No Delay,B6RUKSM,7.317437713,439.046,Beijing Capital International Airport,PEK,Beijing,CN,"{
  ""lat"": ""40.08010101"",
  ""lon"": ""116.5849991""
}",SE-BD,Rain,4,22,2025-01-01 23:26:17
$599.57 ,False,Spokane International Airport,GEG,Spokane,US,"{
  ""lat"": ""47.61989975"",
  ""lon"": ""-117.5339966""
}",US-WA,Rain,"3,544.99","2,202.75",False,0,No Delay,VE4FS5I,5.37119261,322.272,Licenciado Benito Juarez International Airport,AICM,Mexico City,MX,"{
  ""lat"": ""19.4363"",
  ""lon"": ""-99.072098""
}",MX-DIF,Cloudy,5,11,2025-01-01 07:38:07
"$1,098.71 ",False,Scott AFB/Midamerica Airport,BLV,Belleville,US,"{
  ""lat"": ""38.5452"",
  ""lon"": ""-89.835197""
}",US-IL,Sunny,"7,674.69","4,768.83",False,0,No Delay,EWOOQG4,9.839347654,590.361,Munich Airport,MUC,Munich,DE,"{
  ""lat"": ""48.353802"",
  ""lon"": ""11.7861""
}",DE-BY,Rain,5,2,2025-01-01 21:46:40
$565.01 ,False,OR Tambo International Airport,JNB,Johannesburg,ZA,"{
  ""lat"": ""-26.1392"",
  ""lon"": ""28.246""
}",SE-BD,Clear,"13,785.46","8,565.89",False,0,No Delay,HH5ZKCE,19.14646981,"1,148.79",Louisville International Standiford Field,SDF,Louisville,US,"{
  ""lat"": ""38.1744"",
  ""lon"": ""-85.736""
}",US-KY,Cloudy,4,21,2025-01-01 22:10:51
$620.05 ,False,Syracuse Hancock International Airport,SYR,Syracuse,US,"{
  ""lat"": ""43.11119843"",
  ""lon"": ""-76.10630035""
}",US-NY,Clear,"6,208.73","3,857.92",False,0,No Delay,RDACWYZ,5.446250354,326.775,Stockholm-Arlanda Airport,ARN,Stockholm,SE,"{
  ""lat"": ""59.65190125"",
  ""lon"": ""17.91860008""
}",SE-AB,Cloudy,5,10,2025-01-01 05:22:14
"$1,037.30 ",True,Xi'an Xianyang International Airport,XIY,Xi'an,CN,"{
  ""lat"": ""34.447102"",
  ""lon"": ""108.751999""
}",SE-BD,Thunder & Lightning,"10,316.16","6,410.16",False,0,No Delay,AIMVL6C,10.1138783,606.833,Winnipeg / James Armstrong Richardson International Airport,YWG,Winnipeg,CA,"{
  ""lat"": ""49.90999985"",
  ""lon"": ""-97.23989868""
}",CA-MB,Sunny,5,10,2025-01-01 11:18:06
$754.24 ,True,Olenya Air Base,XLMO,Olenegorsk,RU,"{
  ""lat"": ""68.15180206"",
  ""lon"": ""33.46390152""
}",RU-MUR,Thunder & Lightning,"10,463.97","6,502.01",False,0,No Delay,9ETZNNE,9.17892306,550.735,OR Tambo International Airport,JNB,Johannesburg,ZA,"{
  ""lat"": ""-26.1392"",
  ""lon"": ""28.246""
}",SE-BD,Cloudy,5,13,2025-01-01 13:39:55
$165.47 ,True,Ukrainka Air Base,XHBU,Belogorsk,RU,"{
  ""lat"": ""51.169997"",
  ""lon"": ""128.445007""
}",RU-AMU,Thunder & Lightning,"5,606.83","3,483.92",False,0,No Delay,UPYBY0Z,5.84044378,350.427,Sheremetyevo International Airport,SVO,Moscow,RU,"{
  ""lat"": ""55.972599"",
  ""lon"": ""37.4146""
}",RU-MOS,Cloudy,4,19,2025-01-01 16:39:00
$784.74 ,False,Minneapolis-St Paul International/Wold-Chamberlain Airport,MSP,Minneapolis,US,"{
  ""lat"": ""44.88199997"",
  ""lon"": ""-93.22180176""
}",US-MN,Clear,"9,840.61","6,114.67",False,0,No Delay,RIVNUT1,13.66751209,820.051,Chubu Centrair International Airport,NGO,Tokoname,JP,"{
  ""lat"": ""34.85839844"",
  ""lon"": ""136.8049927""
}",SE-BD,Cloudy,5,15,2025-01-01 16:48:29
$456.24 ,False,Stockholm-Arlanda Airport,ARN,Stockholm,SE,"{
  ""lat"": ""59.65190125"",
  ""lon"": ""17.91860008""
}",SE-AB,Clear,0,0,False,0,No Delay,NTDZ9S2,0.0,0,Stockholm-Arlanda Airport,ARN,Stockholm,SE,"{
  ""lat"": ""59.65190125"",
  ""lon"": ""17.91860008""
}",SE-AB,Hail,5,11,2025-01-01 02:34:22
$932.59 ,True,Mariscal Sucre International Airport,UIO,Quito,EC,"{
  ""lat"": ""-0.129166667"",
  ""lon"": ""-78.3575""
}",SE-BD,Hail,"4,864.95","3,022.94",False,0,No Delay,LU2NFP0,4.054123388,243.247,Des Moines International Airport,DSM,Des Moines,US,"{
  ""lat"": ""41.5340004"",
  ""lon"": ""-93.6631012""
}",US-IA,Heavy Fog,4,21,2025-01-01 11:26:47
$928.48 ,True,Licenciado Benito Juarez International Airport,AICM,Mexico City,MX,"{
  ""lat"": ""19.4363"",
  ""lon"": ""-99.072098""
}",MX-DIF,Heavy Fog,"9,435.60","5,863.01",False,0,No Delay,ZCE3JHF,9.250583012,555.035,Cologne Bonn Airport,CGN,Cologne,DE,"{
  ""lat"": ""50.86589813"",
  ""lon"": ""7.142739773""
}",DE-NW,Clear,5,7,2025-01-01 02:30:32
$628.97 ,True,Spokane International Airport,GEG,Spokane,US,"{
  ""lat"": ""47.61989975"",
  ""lon"": ""-117.5339966""
}",US-WA,Hail,"7,342.07","4,562.15",True,195,Late Aircraft Delay,0YIVG7F,11.40785307,684.471,New Chitose Airport,CTS,Chitose / Tomakomai,JP,"{
  ""lat"": ""42.77519989"",
  ""lon"": ""141.6920013""
}",SE-BD,Cloudy,4,18,2025-01-01 22:59:15
$567.11 ,False,Dubai International Airport,DXB,Dubai,AE,"{
  ""lat"": ""25.25279999"",
  ""lon"": ""55.36439896""
}",SE-BD,Sunny,"5,658.30","3,515.91",False,0,No Delay,AR9OTDM,6.287002885,377.22,Adolfo Suarez Madridâ€” Barajas Airport,MAD,Madrid,ES,"{
  ""lat"": ""40.471926"",
  ""lon"": ""-3.56264""
}",ES-M,Hail,5,14,2025-01-01 04:50:44
$683.86 ,False,Venice Marco Polo Airport,VE05,Venice,IT,"{
  ""lat"": ""45.505299"",
  ""lon"": ""12.3519""
}",IT-34,Rain,"8,823.40","5,482.61",False,0,No Delay,ALDWAYE,7.739824685,464.389,Cape Town International Airport,CPT,Cape Town,ZA,"{
  ""lat"": ""-33.96480179"",
  ""lon"": ""18.60169983""
}",SE-BD,Rain,4,16,2025-01-01 10:46:41
$835.63 ,False,Turin Airport,TO11,Torino,IT,"{
  ""lat"": ""45.200802"",
  ""lon"": ""7.64963""
}",IT-21,Damaging Wind,"7,629.68","4,740.87",False,0,No Delay,8VHWP0T,7.480080292,448.805,St Louis Lambert International Airport,STL,St Louis,US,"{
  ""lat"": ""38.748697"",
  ""lon"": ""-90.370003""
}",US-MO,Damaging Wind,5,7,2025-01-01 21:13:35
$281.97 ,False,Chengdu Shuangliu International Airport,CTU,Chengdu,CN,"{
  ""lat"": ""30.57850075"",
  ""lon"": ""103.9469986""
}",SE-BD,Rain,"7,633.10","4,742.99",False,0,No Delay,38DL0W5,6.360915824,381.655,Bari Karol Wojty__a Airport,BA02,Bari,IT,"{
  ""lat"": ""41.138901"",
  ""lon"": ""16.760599""
}",IT-75,Hail,4,22,2025-01-01 12:32:01
"$1,156.50 ",False,Xi'an Xianyang International Airport,XIY,Xi'an,CN,"{
  ""lat"": ""34.447102"",
  ""lon"": ""108.751999""
}",SE-BD,Clear,"17,451.54","10,843.88",False,0,No Delay,C5HYT4B,17.10935078,"1,026.56",Jorge Chavez International Airport,LIM,Lima,PE,"{
  ""lat"": ""-12.0219"",
  ""lon"": ""-77.114304""
}",SE-BD,Clear,5,10,2025-01-01 16:18:55
$714.30 ,False,Turin Airport,TO11,Torino,IT,"{
  ""lat"": ""45.200802"",
  ""lon"": ""7.64963""
}",IT-21,Heavy Fog,"7,747.40","4,814.01",False,0,No Delay,5XPQI9G,7.595492169,455.73,Edmonton International Airport,CYEG,Edmonton,CA,"{
  ""lat"": ""53.30970001"",
  ""lon"": ""-113.5800018""
}",CA-AB,Damaging Wind,5,15,2025-01-01 11:58:56
$657.33 ,False,Gimpo International Airport,GMP,Seoul,KR,"{
  ""lat"": ""37.5583"",
  ""lon"": ""126.791""
}",SE-BD,Cloudy,"8,998.39","5,591.34",False,0,No Delay,A6XHTIO,8.82195298,529.317,Genoa Cristoforo Colombo Airport,GE01,Genova,IT,"{
  ""lat"": ""44.4133"",
  ""lon"": ""8.8375""
}",IT-42,Thunder & Lightning,5,12,2025-01-01 20:22:53
"$1,171.50 ",False,Jorge Chavez International Airport,LIM,Lima,PE,"{
  ""lat"": ""-12.0219"",
  ""lon"": ""-77.114304""
}",SE-BD,Rain,"11,086.56","6,888.87",False,0,No Delay,5PO0PAE,9.23880181,554.328,Berlin-Tegel Airport,TXL,Berlin,DE,"{
  ""lat"": ""52.5597"",
  ""lon"": ""13.2877""
}",DE-BE,Hail,5,4,2025-01-01 14:15:16
$922.10 ,False,Zurich Airport,ZRH,Zurich,CH,"{
  ""lat"": ""47.464699"",
  ""lon"": ""8.54917""
}",CH-ZH,Rain,862.673,536.04,False,0,No Delay,PEBWQMJ,0.75673067,45.404,Naples International Airport,NA01,Naples,IT,"{
  ""lat"": ""40.886002"",
  ""lon"": ""14.2908""
}",IT-72,Clear,5,10,2025-01-01 15:27:58
$474.22 ,True,Zurich Airport,ZRH,Zurich,CH,"{
  ""lat"": ""47.464699"",
  ""lon"": ""8.54917""
}",CH-ZH,Cloudy,0,0,False,0,No Delay,5CSLMLT,0.0,0,Zurich Airport,ZRH,Zurich,CH,"{
  ""lat"": ""47.464699"",
  ""lon"": ""8.54917""
}",CH-ZH,Heavy Fog,5,12,2025-01-01 10:53:32
"$1,049.73 ",True,Verona Villafranca Airport,VR10,Verona,IT,"{
  ""lat"": ""45.395699"",
  ""lon"": ""10.8885""
}",IT-34,Rain,"9,525.30","5,918.75",False,0,No Delay,PDJFCZX,12.21191871,732.715,Itami Airport,ITM,Osaka,JP,"{
  ""lat"": ""34.78549957"",
  ""lon"": ""135.4380035""
}",SE-BD,Thunder & Lightning,5,8,2025-01-01 09:45:24
"$1,086.53 ",False,El Dorado International Airport,BOG,Bogota,CO,"{
  ""lat"": ""4.70159"",
  ""lon"": ""-74.1469""
}",SE-BD,Clear,"16,094.61","10,000.73",False,0,No Delay,MHPO6X7,14.1180775,847.085,Chengdu Shuangliu International Airport,CTU,Chengdu,CN,"{
  ""lat"": ""30.57850075"",
  ""lon"": ""103.9469986""
}",SE-BD,Thunder & Lightning,5,10,2025-01-01 14:14:46
$183.87 ,True,Tokyo Haneda International Airport,HND,Tokyo,JP,"{
  ""lat"": ""35.552299"",
  ""lon"": ""139.779999""
}",SE-BD,Rain,59.72,37.109,False,0,No Delay,I2RRBFL,0.066356019,3.981,Narita International Airport,NRT,Tokyo,JP,"{
  ""lat"": ""35.76470184"",
  ""lon"": ""140.3860016""
}",SE-BD,Thunder & Lightning,4,18,2025-01-01 12:23:51
$610.82 ,False,Verona Villafranca Airport,VR10,Verona,IT,"{
  ""lat"": ""45.395699"",
  ""lon"": ""10.8885""
}",IT-34,Rain,"2,192.37","1,362.28",True,180,Late Aircraft Delay,3OXUQWO,5.435966945,326.158,Sheremetyevo International Airport,SVO,Moscow,RU,"{
  ""lat"": ""55.972599"",
  ""lon"": ""37.4146""
}",RU-MOS,Rain,4,17,2025-01-01 18:50:07
$613.66 ,True,Warsaw Chopin Airport,WAW,Warsaw,PL,"{
  ""lat"": ""52.16569901"",
  ""lon"": ""20.96710014""
}",PL-MZ,Rain,"8,305.76","5,160.96",False,0,No Delay,1GXF2QH,8.651831019,519.11,Orlando Sanford International Airport,SFB,Orlando,US,"{
  ""lat"": ""28.77759933"",
  ""lon"": ""-81.23750305""
}",US-FL,Heavy Fog,4,23,2025-01-01 14:14:32
$771.39 ,False,Edmonton International Airport,CYEG,Edmonton,CA,"{
  ""lat"": ""53.30970001"",
  ""lon"": ""-113.5800018""
}",CA-AB,Sunny,"7,178.79","4,460.70",False,0,No Delay,V1TCR2A,8.546182189,512.771,Charles de Gaulle International Airport,CDG,Paris,FR,"{
  ""lat"": ""49.01279831"",
  ""lon"": ""2.549999952""
}",FR-J,Cloudy,5,0,2025-01-01 11:19:13
$734.35 ,False,Oslo Gardermoen Airport,OSL,Oslo,NO,"{
  ""lat"": ""60.19390106"",
  ""lon"": ""11.10039997""
}",NO-02,Damaging Wind,"7,694.32","4,781.03",True,165,NAS Delay,L2UCOGQ,9.499401434,569.964,Gimpo International Airport,GMP,Seoul,KR,"{
  ""lat"": ""37.5583"",
  ""lon"": ""126.791""
}",SE-BD,Thunder & Lightning,4,23,2025-01-01 20:41:26
$366.06 ,False,San Francisco International Airport,SFO,San Francisco,US,"{
  ""lat"": ""37.61899948"",
  ""lon"": ""-122.375""
}",US-CA,Rain,"2,385.11","1,482.04",False,0,No Delay,9VIYU7K,2.208432106,132.506,San Antonio International Airport,SAT,San Antonio,US,"{
  ""lat"": ""29.53370094"",
  ""lon"": ""-98.46980286""
}",US-TX,Rain,5,15,2025-01-01 05:06:48
$711.08 ,False,Shanghai Hongqiao International Airport,SHA,Shanghai,CN,"{
  ""lat"": ""31.19790077"",
  ""lon"": ""121.3359985""
}",SE-BD,Sunny,"9,154.13","5,688.11",False,0,No Delay,3K93U65,12.71406804,762.844,Pisa International Airport,PI05,Pisa,IT,"{
  ""lat"": ""43.683899"",
  ""lon"": ""10.3927""
}",IT-52,Clear,4,17,2025-01-01 10:30:58
$582.95 ,False,London Luton Airport,LTN,London,GB,"{
  ""lat"": ""51.87469864"",
  ""lon"": ""-0.368333012""
}",GB-ENG,Sunny,"9,227.59","5,733.76",False,0,No Delay,WLRC9T3,9.046654743,542.799,Jeju International Airport,CJU,Jeju City,KR,"{
  ""lat"": ""33.51129913"",
  ""lon"": ""126.4929962""
}",SE-BD,Clear,5,8,2025-01-01 11:40:05
$340.58 ,False,Xi'an Xianyang International Airport,XIY,Xi'an,CN,"{
  ""lat"": ""34.447102"",
  ""lon"": ""108.751999""
}",SE-BD,Cloudy,0,0,False,0,No Delay,YNY878U,0.0,0,Xi'an Xianyang International Airport,XIY,Xi'an,CN,"{
  ""lat"": ""34.447102"",
  ""lon"": ""108.751999""
}",SE-BD,Sunny,5,6,2025-01-01 21:24:48
$754.24 ,True,Olenya Air Base,XLMO,Olenegorsk,RU,"{
  ""lat"": ""68.15180206"",
  ""lon"": ""33.46390152""
}",RU-MUR,Thunder & Lightning,"10,463.97","6,502.01",False,0,No Delay,9ETZNNE,9.17892306,550.735,OR Tambo International Airport,JNB,Johannesburg,ZA,"{
  ""lat"": ""-26.1392"",
  ""lon"": ""28.246""
}",SE-BD,Cloudy,5,13,2025-01-01 10:34:06
$925.93 ,True,Zurich Airport,ZRH,Zurich,CH,"{
  ""lat"": ""47.464699"",
  ""lon"": ""8.54917""
}",CH-ZH,Clear,"7,088.60","4,404.65",False,0,No Delay,RZT22CH,8.438807526,506.328,Winnipeg / James Armstrong Richardson International Airport,YWG,Winnipeg,CA,"{
  ""lat"": ""49.90999985"",
  ""lon"": ""-97.23989868""
}",CA-MB,Heavy Fog,5,0,2025-01-01 14:43:44
$964.67 ,False,Sheremetyevo International Airport,SVO,Moscow,RU,"{
  ""lat"": ""55.972599"",
  ""lon"": ""37.4146""
}",RU-MOS,Cloudy,"2,491.05","1,547.87",True,255,Carrier Delay,A7X2YXI,8.024314451,481.459,London Luton Airport,LTN,London,GB,"{
  ""lat"": ""51.87469864"",
  ""lon"": ""-0.368333012""
}",GB-ENG,Clear,5,0,2025-01-01 01:50:12
$984.66 ,False,Turin Airport,TO11,Torino,IT,"{
  ""lat"": ""45.200802"",
  ""lon"": ""7.64963""
}",IT-21,Sunny,"9,852.22","6,121.89",False,0,No Delay,4USJHT0,8.210185702,492.611,Tokyo Haneda International Airport,HND,Tokyo,JP,"{
  ""lat"": ""35.552299"",
  ""lon"": ""139.779999""
}",SE-BD,Hail,5,12,2025-01-01 19:54:15
$198.48 ,False,Verona Villafranca Airport,VR10,Verona,IT,"{
  ""lat"": ""45.395699"",
  ""lon"": ""10.8885""
}",IT-34,Damaging Wind,698.987,434.33,False,0,No Delay,7QO9FQX,0.97081513,58.249,Cagliari Elmas Airport,CA07,Cagliari,IT,"{
  ""lat"": ""39.251499"",
  ""lon"": ""9.05428""
}",IT-88,Rain,4,20,2025-01-01 10:39:52
"$1,185.97 ",False,Zurich Airport,ZRH,Zurich,CH,"{
  ""lat"": ""47.464699"",
  ""lon"": ""8.54917""
}",CH-ZH,Clear,"9,018.51","5,603.84",False,0,No Delay,VJTV73Z,7.515421948,450.925,Shanghai Hongqiao International Airport,SHA,Shanghai,CN,"{
  ""lat"": ""31.19790077"",
  ""lon"": ""121.3359985""
}",SE-BD,Clear,5,6,2025-01-01 11:57:11
$815.19 ,False,Milano Linate Airport,MI11,Milan,IT,"{
  ""lat"": ""45.445099"",
  ""lon"": ""9.27674""
}",IT-25,Cloudy,"8,881.78","5,518.88",True,180,Weather Delay,IFHG88Z,10.79103171,647.462,Incheon International Airport,ICN,Seoul,KR,"{
  ""lat"": ""37.46910095"",
  ""lon"": ""126.4509964""
}",SE-BD,Cloudy,5,5,2025-01-01 02:19:19
$784.74 ,False,Minneapolis-St Paul International/Wold-Chamberlain Airport,MSP,Minneapolis,US,"{
  ""lat"": ""44.88199997"",
  ""lon"": ""-93.22180176""
}",US-MN,Clear,"9,840.61","6,114.67",False,0,No Delay,RIVNUT1,13.66751209,820.051,Chubu Centrair International Airport,NGO,Tokoname,JP,"{
  ""lat"": ""34.85839844"",
  ""lon"": ""136.8049927""
}",SE-BD,Cloudy,5,15,2025-01-01 16:37:12
$583.91 ,False,Oslo Gardermoen Airport,OSL,Oslo,NO,"{
  ""lat"": ""60.19390106"",
  ""lon"": ""11.10039997""
}",NO-02,Sunny,"6,391.64","3,971.58",False,0,No Delay,U4RO4JN,8.194403237,491.664,Norfolk International Airport,ORF,Norfolk,US,"{
  ""lat"": ""36.89459991"",
  ""lon"": ""-76.20120239""
}",US-VA,Rain,4,18,2025-01-01 15:11:24
$341.56 ,False,New Chitose Airport,CTS,Chitose / Tomakomai,JP,"{
  ""lat"": ""42.77519989"",
  ""lon"": ""141.6920013""
}",SE-BD,Clear,"14,960.56","9,296.06",False,0,No Delay,YGFZU2M,13.12329421,787.398,Jorge Chavez International Airport,LIM,Lima,PE,"{
  ""lat"": ""-12.0219"",
  ""lon"": ""-77.114304""
}",SE-BD,Sunny,4,16,2025-01-01 08:08:11
$322.59 ,False,Mariscal Sucre International Airport,UIO,Quito,EC,"{
  ""lat"": ""-0.129166667"",
  ""lon"": ""-78.3575""
}",SE-BD,Sunny,"6,758.48","4,199.53",False,0,No Delay,6TNESBF,7.040085909,422.405,Edmonton International Airport,CYEG,Edmonton,CA,"{
  ""lat"": ""53.30970001"",
  ""lon"": ""-113.5800018""
}",CA-AB,Cloudy,4,22,2025-01-01 18:27:35
$973.20 ,True,Xi'an Xianyang International Airport,XIY,Xi'an,CN,"{
  ""lat"": ""34.447102"",
  ""lon"": ""108.751999""
}",SE-BD,Damaging Wind,"18,861.02","11,719.69",False,0,No Delay,S3QYVNX,22.45359506,"1,347.22",Ministro Pistarini International Airport,EZE,Buenos Aires,AR,"{
  ""lat"": ""-34.8222"",
  ""lon"": ""-58.5358""
}",AR-B,Cloudy,5,6,2025-01-01 12:32:51
$967.22 ,False,Vienna International Airport,VIE,Vienna,AT,"{
  ""lat"": ""48.11029816"",
  ""lon"": ""16.56970024""
}",AT-9,Cloudy,568.348,353.155,False,0,No Delay,LDY2AQ0,0.473623641,28.417,Bologna Guglielmo Marconi Airport,BO08,Bologna,IT,"{
  ""lat"": ""44.5354"",
  ""lon"": ""11.2887""
}",IT-45,Heavy Fog,5,2,2025-01-01 01:21:55
$630.18 ,False,Hartsfield Jackson Atlanta International Airport,ATL,Atlanta,US,"{
  ""lat"": ""33.63669968"",
  ""lon"": ""-84.42810059""
}",US-GA,Sunny,"7,555.80","4,694.96",False,0,No Delay,QLC7RZ8,10.49416972,629.65,Comodoro Arturo Merino Benitez International Airport,SCL,Santiago,CL,"{
  ""lat"": ""-33.39300156"",
  ""lon"": ""-70.78579712""
}",SE-BD,Cloudy,5,3,2025-01-01 05:11:21
$469.67 ,False,El Dorado International Airport,BOG,Bogota,CO,"{
  ""lat"": ""4.70159"",
  ""lon"": ""-74.1469""
}",CO-CUN,Sunny,"14,429.57","8,966.12",False,0,No Delay,OJF1Q3Z,15.03080573,901.848,Brisbane International Airport,BNE,Brisbane,AU,"{
  ""lat"": ""-27.38419914"",
  ""lon"": ""153.1170044""
}",SE-BD,Rain,4,22,2025-01-01 06:12:36
$275.44 ,False,Guangzhou Baiyun International Airport,CAN,Guangzhou,CN,"{
  ""lat"": ""23.39240074"",
  ""lon"": ""113.2990036""
}",SE-BD,Clear,"5,864.80","3,644.22",False,0,No Delay,BNTQC46,6.109164294,366.55,Al Maktoum International Airport,DWC,Jebel Ali,AE,"{
  ""lat"": ""24.896356"",
  ""lon"": ""55.161389""
}",SE-BD,Thunder & Lightning,4,21,2025-01-01 02:25:00
$616.69 ,False,Vienna International Airport,VIE,Vienna,AT,"{
  ""lat"": ""48.11029816"",
  ""lon"": ""16.56970024""
}",AT-9,Thunder & Lightning,"1,447.06",899.161,False,0,No Delay,NGZ1V5U,1.41868526,85.121,Manchester Airport,MAN,Manchester,GB,"{
  ""lat"": ""53.35369873"",
  ""lon"": ""-2.274950027""
}",GB-ENG,Cloudy,5,14,2025-01-01 12:01:34
$668.22 ,False,San Francisco International Airport,SFO,San Francisco,US,"{
  ""lat"": ""37.61899948"",
  ""lon"": ""-122.375""
}",US-CA,Sunny,"10,260.84","6,375.79",False,0,No Delay,TY74105,8.143523822,488.611,Naples International Airport,NA01,Naples,IT,"{
  ""lat"": ""40.886002"",
  ""lon"": ""14.2908""
}",IT-72,Sunny,5,16,2025-01-01 00:55:35
